{"cameraMode":{"drawMode":0,"name":"Shaded","section":"Shading Mode"},"sceneLighting":false,"audioPlay":false,"sceneViewState":{"m_AlwaysRefresh":false,"showFog":true,"showSkybox":false,"showFlares":true,"showImageEffects":true,"showParticleSystems":true,"showVisualEffectGraphs":true,"m_FxEnabled":true},"in2DMode":false,"pivot":{"x":3.850722074508667,"y":5.3758015632629398,"z":-2.5814895629882814},"rotation":{"x":-0.006780396215617657,"y":0.9892540574073792,"z":-0.13770276308059693,"w":-0.04870995506644249},"size":17.465890884399415,"orthographic":false}